<?xml version="1.0" encoding="UTF-8"?>
<jax-ws xmlns="http://www.netbeans.org/ns/jax-ws/1">
  <services>
    <service name="Login">
      <implementation-class>Login.Login</implementation-class>
    </service>
    <service name="FuncionesCalculadora">
      <implementation-class>Calculadora.FuncionesCalculadora</implementation-class>
    </service>
    <service name="Ordenar_vector">
      <implementation-class>Ordenar_vector.Ordenar_vector</implementation-class>
    </service>
  </services>
  <clients/>
</jax-ws>
