<?xml version="1.0" encoding="UTF-8"?><!--
        *** GENERATED FROM jax-ws.xml - DO NOT EDIT !                             ***
        *** TO MODIFY wsimport options USE Web Service node -> Edit WS Attributes ***
        *** TO CHANGE TARGETS GENERATED TO jaxws-build.xml COPY THOSE             ***
        *** TARGETS TO ../build.xml AND MODIFY THAT FILE INSTEAD                  ***

        --><project xmlns:xalan="http://xml.apache.org/xslt" xmlns:webproject2="http://www.netbeans.org/ns/web-project/2" xmlns:jaxws="http://www.netbeans.org/ns/jax-ws/1">
    <!--
                ===================
                JAX-WS WSGEN SECTION
                ===================
            -->
    <!--
                ===================
                JAX-WS WSIMPORT SECTION
                ===================
            -->
    <target name="wsimport-init" depends="init">
        <fail if="${wsimport.bad.version}" message="WsImport ant task defined in the classpath ${j2ee.platform.wsimport.classpath} has a serious bug. See http://wiki.netbeans.org/MetroIssue for details."/>
        <mkdir dir="${build.generated.sources.dir}/jax-ws"/>
        <property name="j2ee.platform.wsimport.classpath" value="${libs.jaxws21.classpath}"/>
        <taskdef name="wsimport" classname="com.sun.tools.ws.ant.WsImport">
            <classpath path="${java.home}/../lib/tools.jar:${j2ee.platform.wsimport.classpath}:${javac.classpath}"/>
        </taskdef>
        <condition property="conf-dir" value="${conf.dir}/" else="">
            <isset property="conf.dir"/>
        </condition>
    </target>
    <target name="wsimport-client-Login" depends="wsimport-init">
        <mkdir dir="${build.generated.dir}/jax-wsCache/Login"/>
        <wsimport sourcedestdir="${build.generated.dir}/jax-wsCache/Login" destdir="${build.generated.dir}/jax-wsCache/Login" wsdl="${basedir}/${conf-dir}xml-resources/web-service-references/Login/wsdl/localhost_8080/ServidorCalculadora/Login.wsdl" catalog="catalog.xml" encoding="${source.encoding}" extension="true" verbose="true" fork="false" wsdlLocation="http://localhost:8080/ServidorCalculadora/Login?wsdl" xnocompile="true" xendorsed="true">
            <depends file="${basedir}/${conf-dir}xml-resources/web-service-references/Login/wsdl/localhost_8080/ServidorCalculadora/Login.wsdl"/>
            <produces dir="${build.generated.dir}/jax-wsCache/Login"/>
        </wsimport>
        <copy todir="${build.generated.sources.dir}/jax-ws">
            <fileset dir="${build.generated.dir}/jax-wsCache/Login">
                <include name="**/*.java"/>
            </fileset>
        </copy>
    </target>
    <target name="wsimport-client-clean-Login" depends="-init-project">
        <delete dir="${build.generated.sources.dir}/jax-ws/login"/>
        <delete dir="${build.generated.dir}/jax-wsCache/Login"/>
    </target>
    <target name="wsimport-client-FuncionesCalculadora" depends="wsimport-init">
        <mkdir dir="${build.generated.dir}/jax-wsCache/FuncionesCalculadora"/>
        <wsimport sourcedestdir="${build.generated.dir}/jax-wsCache/FuncionesCalculadora" destdir="${build.generated.dir}/jax-wsCache/FuncionesCalculadora" wsdl="${basedir}/${conf-dir}xml-resources/web-service-references/FuncionesCalculadora/wsdl/localhost_8080/ServidorCalculadora/FuncionesCalculadora.wsdl" catalog="catalog.xml" encoding="${source.encoding}" extension="true" verbose="true" fork="false" wsdlLocation="http://localhost:8080/ServidorCalculadora/FuncionesCalculadora?wsdl" xnocompile="true" xendorsed="true">
            <depends file="${basedir}/${conf-dir}xml-resources/web-service-references/FuncionesCalculadora/wsdl/localhost_8080/ServidorCalculadora/FuncionesCalculadora.wsdl"/>
            <produces dir="${build.generated.dir}/jax-wsCache/FuncionesCalculadora"/>
        </wsimport>
        <copy todir="${build.generated.sources.dir}/jax-ws">
            <fileset dir="${build.generated.dir}/jax-wsCache/FuncionesCalculadora">
                <include name="**/*.java"/>
            </fileset>
        </copy>
    </target>
    <target name="wsimport-client-clean-FuncionesCalculadora" depends="-init-project">
        <delete dir="${build.generated.sources.dir}/jax-ws/calculadora"/>
        <delete dir="${build.generated.dir}/jax-wsCache/FuncionesCalculadora"/>
    </target>
    <target name="wsimport-client-Ordenar_vector" depends="wsimport-init">
        <mkdir dir="${build.generated.dir}/jax-wsCache/Ordenar_vector"/>
        <wsimport sourcedestdir="${build.generated.dir}/jax-wsCache/Ordenar_vector" destdir="${build.generated.dir}/jax-wsCache/Ordenar_vector" wsdl="${basedir}/${conf-dir}xml-resources/web-service-references/Ordenar_vector/wsdl/localhost_8080/ServidorCalculadora/Ordenar_vector.wsdl" catalog="catalog.xml" encoding="${source.encoding}" extension="true" verbose="true" fork="false" wsdlLocation="http://localhost:8080/ServidorCalculadora/Ordenar_vector?wsdl" xnocompile="true" xendorsed="true">
            <depends file="${basedir}/${conf-dir}xml-resources/web-service-references/Ordenar_vector/wsdl/localhost_8080/ServidorCalculadora/Ordenar_vector.wsdl"/>
            <produces dir="${build.generated.dir}/jax-wsCache/Ordenar_vector"/>
        </wsimport>
        <copy todir="${build.generated.sources.dir}/jax-ws">
            <fileset dir="${build.generated.dir}/jax-wsCache/Ordenar_vector">
                <include name="**/*.java"/>
            </fileset>
        </copy>
    </target>
    <target name="wsimport-client-clean-Ordenar_vector" depends="-init-project">
        <delete dir="${build.generated.sources.dir}/jax-ws/ordenar_vector"/>
        <delete dir="${build.generated.dir}/jax-wsCache/Ordenar_vector"/>
    </target>
    <target name="wsimport-client-generate" depends="wsimport-client-Login, wsimport-client-FuncionesCalculadora, wsimport-client-Ordenar_vector"/>
</project>
